sample,marker,allele1,allele2
A,D3S1358,16,16
A,vWA,14,19
A,D16S539,11,12
A,CSF1PO,12,14
A,TPOX,8,8
A,Yindel,2,2
A,D8S1179,10,12
A,D21S11,29,33.2
A,D18S51,14,15
A,DYS391,9,9
A,D2S441,10,10
A,D19S433,13,13
A,TH01,7,9
A,FGA,22,24
A,D22S1045,16,17
A,D5S818,11,12
A,D13S317,11,11
A,D7S820,11,11
A,SE33,25.2,26.2
A,D10S1248,13,13
A,D1S1656,15,16
A,D12S391,18,22
A,D2S1338,23,26
B,D3S1358,17,17
B,vWA,17,19
B,D16S539,9,9
B,CSF1PO,10,12
B,TPOX,9,11
B,D8S1179,15,16
B,D21S11,30,33.2
B,D18S51,16,19
B,D2S441,12,14
B,D19S433,13,15.2
B,TH01,7,9
B,FGA,22,22
B,D22S1045,15,15
B,D5S818,10,12
B,D13S317,8,8
B,D7S820,9,12
B,SE33,25.2,31.2
B,D10S1248,13,15
B,D1S1656,16,16
B,D12S391,20,22
B,D2S1338,20,24
C,D3S1358,15,17
C,vWA,17,19
C,D16S539,9,11
C,CSF1PO,10,11
C,TPOX,8,11
C,D8S1179,14,15
C,D21S11,29,30
C,D18S51,13,13
C,D2S441,10,12
C,D19S433,14,14.2
C,TH01,9,9
C,FGA,22,25
C,D22S1045,15,15
C,D5S818,11,11
C,D13S317,8,10
C,D7S820,10,12
C,SE33,18,24.2
C,D10S1248,13,13
C,D1S1656,16,18.3
C,D12S391,19,21
C,D2S1338,17,19
